{"police":2794271.05,"ambulance":22115,"tow":0,"reporter":0,"cardealer":12190561,"vanilla":260496,"pizza":398,"realestate":1446928.7261157006,"burger":364.33000000000177,"mechanic":548837,"unemployed":40,"lawyer":0}