{"cardealer":12190561,"vanilla":260496,"lawyer":0,"reporter":0,"realestate":1446928.7261157006,"mechanic":548837,"burger":64.33000000000175,"tow":0,"police":2790464.05,"unemployed":955,"ambulance":22115,"pizza":398}